{
    "num_obj_on_shelf": 3,
    "cubeA_size": [
        0.09629059833343628,
        0.15518703281933965,
        0.023411893856874092
    ],
    "cubeB_0_size": [
        0.06545362505212504,
        0.015555929746176495,
        0.12774350587285718
    ],
    "cubeB_1_size": [
        0.07634281648513457,
        0.019224359298433726,
        0.1359501128229992
    ],
    "cubeB_2_size": [
        0.07008730589187127,
        0.017087428992499775,
        0.1436255101771189
    ],
    "table": {
        "pos": [
            0.529,
            0.0,
            0.0898442417383194
        ],
        "quat": [
            0,
            0,
            0,
            1
        ],
        "size": [
            0.925,
            0.613,
            0.0
        ]
    },
    "shelf_bottom": {
        "pos": [
            0.8230331540107727,
            0.0,
            0.0898442417383194
        ],
        "quat": [
            0,
            0,
            0,
            1
        ],
        "size": [
            0.125,
            0.35,
            0.001
        ]
    },
    "shelf_right": {
        "pos": [
            0.8230331540107727,
            0.175,
            0.17334424173
        ],
        "quat": [
            0,
            0,
            0,
            1
        ],
        "size": [
            0.125,
            0.0001,
            0.167
        ]
    },
    "shelf_left": {
        "pos": [
            0.8230331540107727,
            -0.175,
            0.17334424173
        ],
        "quat": [
            0,
            0,
            0,
            1
        ],
        "size": [
            0.125,
            0.0001,
            0.167
        ]
    },
    "wall_pos": {
        "table_side_y": [
            -0.45,
            -0.316,
            -0.4
        ],
        "shelf_right_y": [
            0.8230331540107727,
            0.175,
            0.17334424173
        ],
        "shelf_left_y": [
            0.8230331540107727,
            -0.175,
            0.17334424173
        ]
    }
}