{
    "num_obj_on_shelf": 2,
    "cubeA_size": [
        0.0728844246218316,
        0.1537384635985728,
        0.019578887460855565
    ],
    "cubeB_0_size": [
        0.09478438885332341,
        0.02113764680808139,
        0.12277774967211455
    ],
    "cubeB_1_size": [
        0.08032575780490062,
        0.01506218150363628,
        0.12477334973199844
    ],
    "table": {
        "pos": [
            0.0,
            0.0,
            0.8
        ],
        "quat": [
            0,
            0,
            0,
            1
        ],
        "size": [
            1.2,
            0.8,
            0.0
        ]
    },
    "shelf_bottom": {
        "pos": [
            0.35,
            0.0,
            0.8
        ],
        "quat": [
            0,
            0,
            0,
            1
        ],
        "size": [
            0.125,
            0.235,
            0.001
        ]
    },
    "shelf_right": {
        "pos": [
            0.35,
            0.117,
            0.8835000000000001
        ],
        "quat": [
            0,
            0,
            0,
            1
        ],
        "size": [
            0.125,
            0.0001,
            0.167
        ]
    },
    "shelf_left": {
        "pos": [
            0.35,
            -0.117,
            0.8835000000000001
        ],
        "quat": [
            0,
            0,
            0,
            1
        ],
        "size": [
            0.125,
            0.0001,
            0.167
        ]
    },
    "wall_pos": {
        "table_side_y": [
            -0.6,
            -0.4,
            -0.4
        ],
        "shelf_right_y": [
            0.35,
            0.117,
            0.8835000000000001
        ],
        "shelf_left_y": [
            0.35,
            -0.117,
            0.8835000000000001
        ]
    }
}