{
    "num_obj_on_shelf": 3,
    "cubeA_size": [
        0.065,
        0.255,
        0.055
    ],
    "cubeB_0_size": [
        0.195,
        0.052,
        0.285
    ],
    "cubeB_1_size": [
        0.19,
        0.045,
        0.284
    ],
    "cubeB_2_size": [
        0.11,
        0.05,
        0.23
    ],
    "table": {
        "pos": [
            0.529,
            0.0,
            0.0898442417383194
        ],
        "quat": [
            0,
            0,
            0,
            1
        ],
        "size": [
            0.925,
            0.613,
            0.0
        ]
    },
    "shelf_bottom": {
        "pos": [
            0.8230331540107727,
            0.0,
            0.0898442417383194
        ],
        "quat": [
            0,
            0,
            0,
            1
        ],
        "size": [
            0.125,
            0.35,
            0.001
        ]
    },
    "shelf_right": {
        "pos": [
            0.8230331540107727,
            0.175,
            0.17334424173
        ],
        "quat": [
            0,
            0,
            0,
            1
        ],
        "size": [
            0.125,
            0.0001,
            0.167
        ]
    },
    "shelf_left": {
        "pos": [
            0.8230331540107727,
            -0.175,
            0.17334424173
        ],
        "quat": [
            0,
            0,
            0,
            1
        ],
        "size": [
            0.125,
            0.0001,
            0.167
        ]
    },
    "wall_pos": {
        "table_side_y": [
            -0.45,
            -0.316,
            -0.4
        ],
        "shelf_right_y": [
            0.8230331540107727,
            0.175,
            0.17334424173
        ],
        "shelf_left_y": [
            0.8230331540107727,
            -0.175,
            0.17334424173
        ]
    }
}