{
    "num_obj_on_shelf": 3,
    "cubeA_size": [
        0.062049252324466356,
        0.14045676685757047,
        0.024152601685718575
    ],
    "cubeB_0_size": [
        0.06798354995687353,
        0.019257649079469842,
        0.13827013732535987
    ],
    "cubeB_1_size": [
        0.0742162476541153,
        0.016487038849370757,
        0.15060123472921222
    ],
    "table": {
        "pos": [
            0.0,
            0.0,
            0.8
        ],
        "quat": [
            0,
            0,
            0,
            1
        ],
        "size": [
            1.2,
            0.8,
            0.0
        ]
    },
    "shelf_bottom": {
        "pos": [
            0.35,
            0.0,
            0.8
        ],
        "quat": [
            0,
            0,
            0,
            1
        ],
        "size": [
            0.125,
            0.235,
            0.001
        ]
    },
    "shelf_right": {
        "pos": [
            0.35,
            0.117,
            0.8835000000000001
        ],
        "quat": [
            0,
            0,
            0,
            1
        ],
        "size": [
            0.125,
            0.0001,
            0.167
        ]
    },
    "shelf_left": {
        "pos": [
            0.35,
            -0.117,
            0.8835000000000001
        ],
        "quat": [
            0,
            0,
            0,
            1
        ],
        "size": [
            0.125,
            0.0001,
            0.167
        ]
    },
    "wall_pos": {
        "table_side_y": [
            -0.6,
            -0.4,
            -0.4
        ],
        "shelf_right_y": [
            0.35,
            0.117,
            0.8835000000000001
        ],
        "shelf_left_y": [
            0.35,
            -0.117,
            0.8835000000000001
        ]
    },
    "cubeB_2_size": [
        0.07546595622113059,
        0.015684325763999342,
        0.1533444227642897
    ]
}