{
    "num_obj_on_shelf": 2,
    "cubeA_size": [
        0.08339496066377694,
        0.14737356399212237,
        0.015346165445124377
    ],
    "cubeB_0_size": [
        0.06962273085087321,
        0.021390404401987383,
        0.1594052989681976
    ],
    "cubeB_1_size": [
        0.09608749591475538,
        0.02154223240023066,
        0.14700082936111836
    ],
    "shelf_bottom": {
        "pos": [
            0.35,
            0.0,
            0.8
        ],
        "quat": [
            0,
            0,
            0,
            1
        ],
        "size": [
            0.125,
            0.28135019605088035,
            0.001
        ]
    },
    "shelf_right": {
        "pos": [
            0.35,
            0.14072509802544017,
            0.8835000000000001
        ],
        "quat": [
            0,
            0,
            0,
            1
        ],
        "size": [
            0.125,
            0.0001,
            0.167
        ]
    },
    "shelf_left": {
        "pos": [
            0.35,
            -0.14072509802544017,
            0.8835000000000001
        ],
        "quat": [
            0,
            0,
            0,
            1
        ],
        "size": [
            0.125,
            0.0001,
            0.167
        ]
    },
    "table": {
        "pos": [
            0.0,
            0.0,
            0.8
        ],
        "quat": [
            0,
            0,
            0,
            1
        ],
        "size": [
            1.2,
            0.8,
            0.0
        ]
    },
    "wall_pos": {
        "table_side_y": [
            -0.6,
            -0.4,
            -0.4
        ],
        "shelf_right_y": [
            0.35,
            0.117,
            0.8835000000000001
        ],
        "shelf_left_y": [
            0.35,
            -0.117,
            0.8835000000000001
        ]
    }
}