{
    "num_obj_on_shelf": 3,
    "cubeA_size": [
        0.06624890620059808,
        0.14523358210469095,
        0.018371394917337813
    ],
    "cubeB_0_size": [
        0.08591670624033748,
        0.0206103660255126,
        0.12626783400207686
    ],
    "cubeB_1_size": [
        0.0608596016580806,
        0.021154525315091616,
        0.1295313867505846
    ],
    "cubeB_2_size": [
        0.07522602510827979,
        0.01598624907993671,
        0.1293130293528556
    ],
    "shelf_bottom": {
        "pos": [
            0.35,
            0.0,
            0.8
        ],
        "quat": [
            0,
            0,
            0,
            1
        ],
        "size": [
            0.125,
            0.2727455614136547,
            0.001
        ]
    },
    "shelf_right": {
        "pos": [
            0.35,
            0.13642278070682734,
            0.8835000000000001
        ],
        "quat": [
            0,
            0,
            0,
            1
        ],
        "size": [
            0.125,
            0.0001,
            0.167
        ]
    },
    "shelf_left": {
        "pos": [
            0.35,
            -0.13642278070682734,
            0.8835000000000001
        ],
        "quat": [
            0,
            0,
            0,
            1
        ],
        "size": [
            0.125,
            0.0001,
            0.167
        ]
    },
    "table": {
        "pos": [
            0.0,
            0.0,
            0.8
        ],
        "quat": [
            0,
            0,
            0,
            1
        ],
        "size": [
            1.2,
            0.8,
            0.0
        ]
    },
    "wall_pos": {
        "table_side_y": [
            -0.6,
            -0.4,
            -0.4
        ],
        "shelf_right_y": [
            0.35,
            0.117,
            0.8835000000000001
        ],
        "shelf_left_y": [
            0.35,
            -0.117,
            0.8835000000000001
        ]
    }
}