{
    "num_obj_on_shelf": 4,
    "cubeA_size": [
        0.08010281351464764,
        0.1388989662996059,
        0.020204267224633587
    ],
    "cubeB_0_size": [
        0.08460038472437617,
        0.019652408932129918,
        0.1445406143321931
    ],
    "cubeB_1_size": [
        0.0797968306883916,
        0.023151813061633254,
        0.12265402797183128
    ],
    "table": {
        "pos": [
            0.0,
            0.0,
            0.8
        ],
        "quat": [
            0,
            0,
            0,
            1
        ],
        "size": [
            1.2,
            0.8,
            0.0
        ]
    },
    "shelf_bottom": {
        "pos": [
            0.35,
            0.0,
            0.8
        ],
        "quat": [
            0,
            0,
            0,
            1
        ],
        "size": [
            0.125,
            0.235,
            0.001
        ]
    },
    "shelf_right": {
        "pos": [
            0.35,
            0.117,
            0.8835000000000001
        ],
        "quat": [
            0,
            0,
            0,
            1
        ],
        "size": [
            0.125,
            0.0001,
            0.167
        ]
    },
    "shelf_left": {
        "pos": [
            0.35,
            -0.117,
            0.8835000000000001
        ],
        "quat": [
            0,
            0,
            0,
            1
        ],
        "size": [
            0.125,
            0.0001,
            0.167
        ]
    },
    "wall_pos": {
        "table_side_y": [
            -0.6,
            -0.4,
            -0.4
        ],
        "shelf_right_y": [
            0.35,
            0.117,
            0.8835000000000001
        ],
        "shelf_left_y": [
            0.35,
            -0.117,
            0.8835000000000001
        ]
    },
    "cubeB_2_size": [
        0.06666312302740085,
        0.019473762400841758,
        0.14233712465690185
    ],
    "cubeB_3_size": [
        0.07190504804646579,
        0.01969339316097924,
        0.122275338019975
    ]
}