{
    "num_obj_on_shelf": 4,
    "cubeA_size": [
        0.0837326361122695,
        0.13675640719976664,
        0.022208759601436846
    ],
    "cubeB_0_size": [
        0.0713813193155106,
        0.015467306611801825,
        0.15022006915146247
    ],
    "cubeB_1_size": [
        0.09463764130675739,
        0.016765864067916594,
        0.15058493201780515
    ],
    "cubeB_2_size": [
        0.08504692510915163,
        0.015007228399069792,
        0.1537516737125591
    ],
    "cubeB_3_size": [
        0.06214566998229453,
        0.02493757385785259,
        0.14676159124031793
    ],
    "shelf_bottom": {
        "pos": [
            0.35,
            0.0,
            0.8
        ],
        "quat": [
            0,
            0,
            0,
            1
        ],
        "size": [
            0.125,
            0.33451147252582203,
            0.001
        ]
    },
    "shelf_right": {
        "pos": [
            0.35,
            0.167305736262911,
            0.8835000000000001
        ],
        "quat": [
            0,
            0,
            0,
            1
        ],
        "size": [
            0.125,
            0.0001,
            0.167
        ]
    },
    "shelf_left": {
        "pos": [
            0.35,
            -0.167305736262911,
            0.8835000000000001
        ],
        "quat": [
            0,
            0,
            0,
            1
        ],
        "size": [
            0.125,
            0.0001,
            0.167
        ]
    },
    "table": {
        "pos": [
            0.0,
            0.0,
            0.8
        ],
        "quat": [
            0,
            0,
            0,
            1
        ],
        "size": [
            1.2,
            0.8,
            0.0
        ]
    },
    "wall_pos": {
        "table_side_y": [
            -0.6,
            -0.4,
            -0.4
        ],
        "shelf_right_y": [
            0.35,
            0.117,
            0.8835000000000001
        ],
        "shelf_left_y": [
            0.35,
            -0.117,
            0.8835000000000001
        ]
    }
}